Question,Choice1,Choice2,Choice3,Answer
어떤 사람이 보더라도 같은 의미로 통할 수 있는 그림으로 된 언어체계를 가리키는 말은?,픽토그램,인스타그램,이 문제는 맞히지그램,1
잘게 다진 문어가 들어간 공 모양의 빵으로 일본의 대표 간식은?,오코노미야키,야키니쿠,타코야키,3
50m 달리기 대회에 출전한 또똣은 막 3등을 추월했다. 또똣은 지금 몇 등일까?,1등,2등,3등,3
조선시대 진경산수화를 창안하고 완성한 화가는?,정선,장승업,신윤복,1
"테니스에서 0점은 러브, 1점은 피프틴이라고 한다. 그렇다면 2점은 뭐라고 할까?",서티,포티,듀스,3
신라의 학자 최치원이 '이곳' 절경에 반해 돌에 자신의 호를 새겨 넣은데서 이름이 붙여진 부산의 명소는?,해운대,범어사,감천문화마을,1
노래'스승의 은혜'의 맨 마지막 구절의 가사로 올바른 것은?,아아 보답하리 스승의 은혜,아아 고마워라 스승의 은혜,아아 보답하리 스승의 사랑,1
"전화를 이용하는 뱅킹 서비스로, ARS를 통해 안내를 듣고 서비스코드를 누르는 방식은?",펌뱅킹,텔레뱅킹,인터넷뱅킹,2
피클(Pickle)은 무엇을 뜻할까?,절인 음식,발효 식품,곁들임 음식,1
우리나라에서 운행됐던 열차의 이름이 아닌 것은?,통일호,진달래호,비둘기호,2
5월 15일 스승의 날은 누구의 생일일까?,세종대왕,흥선대원군,광개토대왕,1
다음중 세계 3대 박물관의 이름과 위치한 나라가 잘못 짝지어진 것은?,영국 - 대영 박물관,미국 - 뉴욕 주립박물관,프랑스 - 루브르 박물관,2
"사물, 사건, 사람 등의 특징을 잡아 희극적으로 풍자한 글이나 그림 또는 그런 표현법은?",캐리커처,스노우,포토샵,1
"관직 없이 한가롭게 사는 이', '돈 잘쓰고 잘 노는 이'를 비유적으로 이르는 이 말은?",백수,한량,우리오빠,2
게임 <슈퍼마리오>에서 마리오의 직업은?,자동차 정비사,정원사,배관공,3
게맛살의 주원료는?,명태,꽃게,오징어,1
아이돌 그룹 EXO의 노래 <으르렁>에서 '으르렁'이라는 가사는 몇 번 나오는가?,3번,36번,63번,2
빛의 3원색은?,"빨강, 초록, 파랑","노랑, 초록, 파랑","빨강, 노랑, 파랑",1
요즘 각종 상품 등에 자주 사용되는 '나노'의 어원은?,개미,난쟁이,먼지,2
알라딘의 요술 램프'의 알라딘은 어느나라 사람일까?,중국,태국,아랍,1
남자 아이돌 3대 인기그룹 'EBS'에 속하지 않는 팀은?,EXO,BTS,송골매,3
"<직찍, 망원렌즈, 통장> 에서 공통적으로 연상되는 것은?",물총,대포,로켓,2
다음중 리더가 없는 그룹은?,슈퍼주니어,트와이스,블랙핑크,3
다음중 원곡이 여성 그룹의 곡인것은?,레드벨벳<비내츄럴>,소녀시대<소녀시대>,빅뱅<붉은 노을>,1
시상식에 전통적으로 '빨간색'카펫을 깔게 된 이유는?,행운의 색이라서,가장 비싸서,때가 잘 안타서,2
"1억을 숫자로 쓸 때 찍는 쉼표(,)의 개수는?",2개,3개,4개,1
다음 중 개인의 숨은 돈을 찾을 수 없는 웹사이트는?,서민금융1332,파인,정부24,1
이온음료 '포카리스웨트'에는 어떤 과실즙이 들어갈까?,레몬,자몽,복숭아,2
국내에는 '수플OOO팔랑나비'가 있다. 다음 중 빈칸에 들어갈 알맞은 말은?,떠들썩,화들짝,후다닥,1
"삼국지에서 유비, 관우, 장비가 '도원결의'를 맺은 장소는?",복숭아 밭,아이스크림 가게,단체 채팅방,1
베스킨라빈스31데이에 '사이즈업' 혜택을 받을 수 있는 사이즈는?,파인트,쿼터,패밀리,3
2018년의 마지막 날짜는?,12월30일,12월30일,12월32일,2
세안 후 피부결을 정돈해주는 화장품 토너는 주로 '이것'으로 불린다. 무엇일까?,스킨,로션,크림,1
베스킨라빈스에서 제품 구매 시 적립 가능한 포인트의 명칭은?,해피포인트,배라포인트,핑크포인트,1
"조선시대 얼음의 채취, 보존, 출납을 맡아본 관청이 아닌 것은?",서빙고,동빙고,남빙고,3
백제의 31대 왕이자 마지막 왕인 '의자왕'의 이름은?,의자,의,자,1
배스킨라빈스의 아이스크림 '엄마는 외계인'의 영문명은?,Mom is an alienn,Dad is a person,Puss in Boots,3
다음 중 '술래'가 없는 놀이는?,숨바꼭질,가위바위보,무궁화 꽃이 피었습니다,2
영어단어 'Sweet'이 들어있지 않은 것은?,스위트콘,스위트룸,스위트스폿,2
음식 '오소리감투'는 무엇일까?,오소리의 위,소의 위,돼지의 위,3
다음 중 인도네시아에서 한글을 표기 문자로 채택한 민족은?,치르치르족,바우바우족,찌아찌아족,3
고려시대 가요<쌍화점>에서 '쌍화점'은?,술집,한약방,만두가게,3
기성용 선수는 뉴캐슬에서 등번호 몇번을 받았을까?,4번,6번,16번,1
1994년 전국 평균 폭염 일수는 며칠이었을까?,34.2일,31.1일,30일,2
다음 중 국내에서 종사자 수가 제일 많은 자영업 업종은 무엇일까?,커피숍,치킨집,편의점,3
홍길동이 가난한 사람들을 구제하기 위햏 만든 것은?,홍치당,활빈당,골빈당,2
"<따릉이, 페달로, 오포>눈 무엇의 종류일까?",공공주택,공공화장실,공공자전거,3
소설 <레미제라블>에서 장발장이 미리엘 주교의 집에서 훔친 것은?,빵,은식기,은촛대,2
"속담 ""되는 집에는 가지 나무에 ( )가 열린다"" 에서 빈칸은?",수박,사과,호박,1
국내에서 드론으로 실제 우편물이 배달된 최초의 지역은?,독도,득량도,제주도,2
닭은 다음 중 어디에 속할까?,닭과,꿩과,메추리과,2
"일이 흐지부지 되었을 때 ""계획이 ( )나다""라고 한다. 빈칸은?",파토,파투,파호,2
모기의 암컷이 흡혈에 이용하는 침은 몇 개 일까?,1개,3개,6개,3
에어컨 냉각수에 서식하며 '냉방병'을 유발하는 균은?,갈리오넬라,베일로넬라,레지오넬라,3
"""산 위에서 부는 바람 서늘한 바람~"" 으로 시작되는 동요 제목은?",2번 선택 바람,산바람 강바람,2번 선택 바람,2
얼굴을 가면으로 가린 괴신사가 프리마돈나를 사랑하게 되는 뮤지컬은?,오페라의 유령,오페라의 귀신,오페라의 좀비,1
다음 중 공포영화가 아닌 것은?,장화홍련,여고괴담,클레멘타인,3
태양계의 행성 중 외계 생물체가 있을 것으로 추정되는 이 행성은?,화성,금성,수성,1
영어 'Cold case'가 의미하는 것은,감기약 봉지,미해결 사건,빙산의 일각,2
지구가 태양 빛을 가려 달이 지구의 그림자 속으로 완전히 사라지는 현상은?,개기 일식,부분 월식,개기 월식,3
크고 작은 악재들이 동시다발적으로 일어나는 경제 현상을 부르는 용어는?,닥터 둠,더블 딥,퍼펙트 스톰,3
아제르바이잔의 전통 목욕법은 '이것'으로 반신욕을 하는 것이다. 이것은?,석유,초콜릿,모래,1
개기월식때 달이 붉게 보이는 현상은?,애플 문,블루 문,블러드 문,3
동요<나비야>에서 나오지 않는 나비는?,노랑나비,호랑나비,흰나비,2
살이 많다'는 의미를 가진 형용사는?,살지다,살피다,살찌다,1
<어린왕자>로 유명한 생텍쥐페리의 직업이 아닌 것은?,건축가,비행사,소설가,1
"경상도 사투리 ""쌔빠지게 일하다""에서 ""쌔""는?",눈,코,혀,3
국가 비상사태 시에 군사권을 발동하여 치안을 유지하는 대통령의 고유권한은?,계엄령,한계령,대관령,1
천 속에 고무주루를 넣어서 머리를 묶는 도구 OO밴드. 빈칸은?,쓸개,순대,곱창,3
재테크의 한 형태로 시간을 돈으로 인식하고 관리하는 것을 부르는 말은?,세테크,혼테크,시테크,3
식용유로 쓰이는 '카놀라유'는 무엇으로 만들까?,현미의 껍질,유채꽃의 씨앗,기름야자의 잎,2
사자성어 '적반하장'의 '적'의 뜻으로 알맞은 것은?,원수,몽둥이,도둑,3
극지방에서 여름에 해가 지지 않는 것은 '백야'다. 겨울에 해가 뜨지 않는 것은?,흑야,극야,전야,2
"인도, 호주 등 열대성 기후 지역에 매장되어있는 알루미늄의 원료는?",보크사이트,텅스텐,니콜라이트,1
일반적으로 추운 곳에 사는 사람이 몸의 크기가 더 크다는 법칙은?,앨런의 법칙,베르그만의 법칙,글로거 법칙,2
하하와 스컬이 속한 그룹의 새 팀명은?,야인,하스쿠나,레게 강 같은 평화,3
반려동물 할 때 '반려'의 사전적 의미는?,평생 함께 할 동무,짝이 되는 동무,사랑하는 동무,2
자신의 성공이 노력이 아닌 운으로 얻어졌다 생각하며 불안해하는 현상은?,가면 증후군,행운 증후군,거품 증후군,1
다음 중 철의 100배 강도를 가지고 있는 물질은?,물놀이 튜브,자전거 튜브,탄소 나노 튜브,3
이것은 아이들을 벌 줄 때 쓰는 도구이다. 이것의 이름은?,회초리,주리,젓가락,1
영어로 '그리스도 이전'을 뜻하는 'BC'를 우리말로 하면?,응원전,기원전,탈원전,2
우리 몸에서 자외선을 차단하고 피부색을 결정하는 색소는?,트레오닌,페닐알라닌,멜라닌,3
개의 품종 중 닥스훈트는 '이것 사냥'을 뜻하는 말이다. '이것'은?,오소리,더위,마녀,1
"훈민정음에서 'ㄱ,ㅇ,ㅋ,ㄲ'은 무슨 소리로 분류될까?",어금닛소리,입술소리,헛소리,1
다음 중 숫자는?,양세형,감호동,아승기,3
현재 정부가 지정한 '무더위 쉼터'에 포함되어 있는 곳은?,국민은행,스타벅스,서울대학교,1
프랑스 소설가 '베르나르 베르베르'의 작품이 아닌것은?,개미,고양이,나비,3
다음 중 여행자들이 저렴한 가격으로 묵을 수 있는 숙박 시설은?,화이트하우스,게스트하우스,비닐하우스,2
속담 '마른 OOO 날벼락' 빈칸에 알맞은 말은?,오징어,파이브,하늘에,3
열기도 더해지고 끈적끈적해서 활동하기가 힘든 날은 무엇이 높을까?,불쾌지수,콧날,수준,1
우리나라의 전통 음료로 계피를 달인 물에 꿀을 넣어 만드는 것은?,식혜,매실차,수정과,3
웹사이트 주소를 등록해놓고 다음에 쉽게 다시 연결할 수 있는 기능은?,방문기록,북마크,확장 프로그램,2
"<광장, 회색인, 소설가 구보씨의 일일> 등을 집필한 소설가는?",최인훈,이청준,김승옥,1
현재 미혼 남성을 뜻하는 '총각'은 조선시대의 '이것'이었다. '이것'은?,옷,직업,헤어스타일,3
외모가 개인 간의 우열과 성패를 가름한다고 믿는 외모지상주의는?,쁘띠즘,루키즘,핸섬니아,2
"어떤 음식을 먹고 불쾌함을 경험할 경우, 이후 그 음식을 먹지 않는 현상은?",가르시아 효과,프레이밍 효과,닻내림 효과,1
미국에는 '( )'만을 치료하는 병원이 있다. 빈칸은?,술병,향수병,상사병,1
자동차 번호판 가운데 한글은 무엇을 의미할까?,차량의 크기,차량의 용도,차량의 등록지역,2
채소의 '샐러리'는 영어로?,Salary,Selary,Celery,3
국내 최대규모의 해바라기 축제가 열리는 이곳은 어디일까?,곡성,부여,태백,3
"링거주사를 맞고 나서, 혈관에 꽂혀있는 것은?",스테인리스 바늘,실리콘 튜브,둘 다 ,2
다음 중 산에서 약수를 마실 수 있도록 만들어 둔 장소는?,약수터,구청 로비,땀샘,1
주택이나 빌딩 건물 맨 꼭대기에 설치된 주거공간은?,반지하,옥탑방,찜질방,2
다음 중 침대의 규격이 아닌 것은?,킹,퀸,프린스,3
"불교에서 머리 3개, 팔 6개가 달린 모습으로 묘사되는 수호신은?",아수라,야차,옥황상제,1
롤러코스터는 어떤 놀이에서 유래되었을까?,그네타기,미끄럼틀 타기,시소 타기,2
짧은 멜로디로 브랜드 이미지를 각인시키는 마케팅 기법은?,링톤마케팅,징글마케팅,티저마케팅,2
그리스 신화 속 '판도라의 상자'는 원래 무엇이었을까?,금고,주머니,항아리,3
평상시에도 재난을 위한 생존대비를 하는 사람들을 일컫는 말은?,프레퍼족,세이버족,레이오프족,1
이전의 성공이 다음번의 성공으로 이어질 것이라고 믿는 인지적 편향은?,뜨거운 손 현상,도박사의 오류,스트룹 효과,1
"도로교통법상 ""어린이통학버스""에서 '어린이'는 ( )세 미만이다. 빈칸은?",8,10,13,3
다음 중 태풍과 더불어 세계 3대 강풍으로 꼽히는 게 아닌 것은?,허리케인,블리자드,사이클론,2
좁쌀'이라는 뜻의 사명을 쓰는 중국 기업은?,샤이니,샤오미,샤샤샤,2
다음 중 유재석이 출연한 적 없는 방송사는?,KBS,JTBC,tvN,3
다음 중 유효기간이 없는 것은?,병원 처방전,주민등록증,항공사 마일리지,2
다음 중 신용점수를 올리는데 도움을 주는 방법으로 적절하지 않은 것은?,신용등급 조회,연체없이 신용카드 사용,현금서비스 사용,3
다음 중 미국 비영리재단의 강연회로 유명인의 강연 영상을 무료로 공개하는 곳은?,ETS,YBM,TED,3
대형 스포츠 이벤트에서 기업이 공식 후원사인 것처럼 벌이는 마케팅은?,컨시어지 마케팅,엠부시 마케팅,프리라이딩 마케팅,2
KTX 이용시 일반식 좌석을 특실로 업그레이드 받을 수 있는 사람은?,임산부,수능 당일 수험생,기초생활 수급자,1
다음 중 우리나라에서 실제로 존재하지 않는 전철 역명은?,야당역,노은역,대리역,3
"설화 '견우와 직녀'에서 견우는 이것을 키우는 목동인데, 이것은 무엇일까?",개,소,양,2
다음 중 태풍이 가진 좋은 영향이 아닌 것은?,물부족 해소,폭염,적조 현상 해결,2
병원이나 의원 등에서 환자의 치료와 진료를 돕는 직업은,간호사,환자,보호자,1
건강보험공단에서 국민의 질환 예방과 조기발견을 목적으로 실시하는 것은?,일반건강검진,구속수사,사회봉사명령,1
다이어트 기간 동안 먹고 싶은 것을 참다가 마음껏 먹는 날은?,메이데이,디데이,치팅데이,3
"단순히 오락목적으로 사자, 코뿔소 등 대형 야생동물을 사냥하는 행위는?",트로피컬 슈팅,헌팅 트로피,트로피 헌팅,3
아들과 딸을 1명씩 둔 사람은 '슬하 1남1녀'라고 한다. 슬하는?,무릎아래,허리아래,어깨아래,1
음악 장르 '발라드'의 어원은?,말하다,춤추다,사랑하다,2
디스플레이가 접히는 스마트폰을 부르는 말은?,폴더폰,폴더블폰,클로징폰,2
다음 중 실제로 오를 수 없는 산은?,팔공산,맛동산,비슬산,2
축구를 뜻하는 단어가 아닌 것은?,Soccer,baseball,football,2
<프로듀스48>에 출연하지 않는 사람은?,집밥 백선생,댄스 트레이너 배윤정,국민 프로듀서 대표 이승기,1
본인 의지와는 상관없이 횡격막 근육과 갈비뼈 사이 근육이 수축을 반복하며 숨 쉴때 소리가 나는 증상은?,재채기,트림,딸국질,3
리버풀 출신 청년들이 모여 결성한 전설적인 팝그룹 '비틀즈'의 멤버가 아닌 사람은?,존 레논,로저 테일러,조지 해리슨,2
다음 보기 중 입헌군주제 국가는?,아르헨티나,모로코,프랑스,2
2017년 영국의 IWSR이 발표한 세계 증류주 판매량 1위 기업은?,바카디 럼,조니 워커,하이트 진로,3
명왕성의 서양권 이름인 플루토는 그리스 신화 속 이 '신'의 로마식 이름이다. 이 '신'은 누구인가?,하데스,아폴론,헤파이스토스,1
세계 항공사에서 시행했던 이색 기내 서비스가 아닌 것은?,기내온천-일본JAL항공,삼성기어VR -호주콴타스항공,플라잉매직쇼-한국아시아나항공,1
예능 '효리네 민박'의 배경이 되었던 집의 소유권은 누구한테 있을까?,이효리,이상순,JTBC,3
졸업사진 패러디의 원조로 유명한 고등학교는?,동두천고,의정부고,경기예고,2
도시가 관광객으로 인해 고유의 특색을 잃는 것을 일컫는 용어는?,디즈니피케이션,맥도날디제이션,젠트리피케이션,1
거대 기업은 위기에 처해도 쉽게 망하지 않는다는 의미를 가진 사자성어는?,백금불형,소이부답,대마불사,3
윗사람이 잠에서 깨어 일어남'을 뜻하는 말은?,재채기,기침,에취,2
"친구가 ""나 더위 먹었어.""라고 말했다. 무슨 뜻일까?",배가 너무 고파,너도 먹을래?,기운이 없어,3
사자성어 '오비삼척'과 뜻이 같은 속담은?,내 코가 석 자,욘석! 어서 자!,까마귀 날 자,1
미국에서는 통학 차량의 가장 뒷자리에 버튼을 설치해야 한다. 이 제도는?,슬리핑 차일드 체크,라스트 체어 체크,에브리바디 체크,1
재봉틀에서 바느질감을 눌러주는 부속을 부르는 말은?,노루귀,노루발,노루목,2
태평양과 대서양을 잇는 운하로 유명한 나라는?,파나마,과테말라,코스타리카,1
실제로 일어날 가능성이 적은 일을 과도하게 걱정하는 증상은?,파랑새 증후군,UFO 증후군,램프 증후군,3
다음 중 제습제로 쓰이지 않는 것은?,염화칼슘,이산화규소,글리코겐,3
인흥찐빵으로 유명한 '안흥'의 위치는?,경기도,강원도,전라도,2
다음 중 멤버 구성원 수가 다른것은?,파워레인저,닌자 거북이,텔레토비,1
해양수산부가 지정한 대하를 잡을 수 없는 달은?,6월,7월,8월,1
토양의 상태에 따라 색이 변하는 꽃은?,수국,튤립,장미,1
"""산OO OO야 어디를 가느냐"" 빈칸에 들어갈 동요 '산토끼'의 가사는?",도끼,Dok2,토끼,3
다음 중 흑인 음악에 속하지 않는 장르는?,가스펠,재즈,트로트,3
예능 프로그램 <고등래퍼2>의 우승자는?,김영옥,김하온,장문복,2
서울 올림픽 공원에 없는 경기장은?,수영 경기장,핸드볼 경기장,야구 경기장,3
다음 중 예능 프로그램 <나 혼자 산다>에 출연 한 적이 없는 사람은?,헤이즈,창모,쌈디,2
주위에 사람이 많을수록 어려움에 처한 사람을 도와주는 걸 주저하게 되는 현상은?,제노비스 신드롬,사마리아인 신드롬,아폴로 신드롬,1
다음 중 여성 작가의 작품은?,지킬박사와 하이드,프랑켄슈타인,드라큘라,2
아주 기이하고 엉뚱한 생각'을 사자성오로 하면?,성주참외,기상천외,날씨문의는 기상청에,2
어떤것이 급격하게 커졌을 때 사용하는 말이 아닌 것은?,급성장,폭풍성장,산송장,3
"""왜 이렇게 사진발이 안 받지? 너는 OO이 훨씬 낫다"" 빈칸에 적절한 것은?",얼굴보다 발,실물,뒤통수에 난 점,2
대한민국 헌법 제 1조 1항 '대한민국은 ( )이다.' 빈칸에 올바른 말은?,민주공화국,민주주의 인민공화국,사회주의 국가,1
다음 중 '역류성 식도염'을 예방하기 위한 방법이 아닌 것은?,야식을 먹지 않는다,담배를 피지 않는다,침을 삼키지 않는다,3
설화속에 존재하는 '무엇이든 넣기만 하면 계속 늘어나는 보물단지'는?,용린,보은박,화수분,3
지상 5~7km 높이 대기권에 있는 고기압 때문에 더위가 심해지는 현상은?,열돔 현상,열섬 현상,열기구 현상,1
음흉하고 심술궃게 욕심부리는 짓'을 뜻하는 순 우리말은?,뭉치,몽짜,멍지,2
다음 중 동물 '늑대'가 나오지 않는 영화는?,늑대의 유혹,늑대와 춤을,늑대의 후예들,1
일반적으로 고양이 발바닥의 말랑말랑한 부분을 부르는 말은?,슬라임,젤리,캔디,2
바다거북이는 ( )에 따라 성별이 결정된다. 빈칸은?,외부 온도,바다의 수질,모래의 냄새,1
곤충 귀뚜라미의 '귀'가 위치한 곳은?,머리,몸통,다리,3
"일반적으로 자동차를 주차 한 후, 문을 열다가 옆 차를 찍는 것을 부르는 말은?",문 콕!,문 와장창!,문 쾅쾅파악!,1
"둘리 주제곡 ""OO 타고 내려와~친구를 만났지만~"" 빈칸에 알맞은 가사는?",썰매,버스,빙하,3
세계적으로 퇴출되고 있는 '플라스틱 빨대'의 친환경 대체품이 아닌 것은?,먹는 빨대,쇠파이프,종이 빨대,2
다음 중 실제로 존재하는 대학교는?,청와대,낙성대,청화대,3
"전세가와 매매가의 차이가 적을 때, 적은 자본으로 건물을 구매하는 투자는?",하우스푸어 투자,갭 투자,렌트 투자,2
SNS에서만 호응하고 실제 행동에는 무관심한 경향을 나타내는 말은?,소셜티비즘,슬랙티비즘,히든라이크,2
우리나라의 국기는 태권도! 미국의 국기는 야구! 벨기에의 국기는?,축구,당구,체스,2
속담 '열 길 물속은 알아도 한 길 사람 속은 모른다.' 에서 길의 길이는?,사람 키 정도,팔 하나 정도,발에서 허리 정도,1
다음 중 공주 신분이 아닌 사람은?,인어공주,백설공주,엄지공주,3
그리스 신화에 나오는 신들 중 '음악의 신'은?,아폴론,아테네,아르테미스,1
대한민국 소년법에서 '소년'은?,13세 미만,15세 미만,19세 미만,3
사람의 이름을 딴 상이 아닌 것은?,그래미상,퓰리처상,노벨상,1
다음 중 향수의 향이 아닌 것은?,머스크향,시트러스향,모기향,3
"몹시 추운 시기는 혹한기, 몹시 더운 시기는?",몹더시,혹서기,사춘기,2
야무지지 못하고 말이나 하는 짓이 답답한 사람을 놀림조로 이르는 말은?,맹꽁이,두꺼비,개구리,1
다음 중 <복면가왕>에 '복면가수'로 출연하지 않았던 사람은?,신봉선,송민호,신고은,2
2019년 최저임금은?,8130원,8350원,8680원,2
국내에서 오토바이 운전 시 안전모를 착용하지 않으면 부과되는 범칙금은?,"5,000원","10,000원","20,000원",3
다음 중 '솜을 두어 지은 바지'를 부르는 말은?,막바지,핫바지,이바지,2
첫인상이 좋지 못한 사람도 계속 보다보면 호감이 된다는 심리 효과는?,에펠탑 효과,자유의 여신상 효과,빅벤 효과,1
프랑스 혁명의 주체가 된 사람들은?,부르주아,부르마블,부르지마,1
다음 중 국내 감별사 직업으로 없는 것은?,위조지폐 감별사,커피 감별사,비둘기 감별사,3
노트북 컴퓨터 자판의 키와 그 의미가 잘못 연결된 것은?,Esc - Escape,Ctrl - Control,Fn - Find,3
축구에서 경기 도중 '쿨링브레이크'를 가질 수 있는 경우는?,너무 추울 때 ,너무 더울 때,바람이 거셀 때,2
해버지' 박지성의 맨유시절 등번호는?,7번,13번,23번,2
"동요 ""떴다 떴다 비행기~~""는 원래 어느 나라 동요일까?",미국,캐나다,프랑스,1
세계에서 가장 긴 산맥은?,히말라야 산맥,안데스 산맥,로키 산맥,2
쓸데없는 이야기로 이러쿵 저러쿵 하는 모양'은?,개코쥐코,쥐코새코,새코개코,1
파운드케이크란 이름의 유래는?,가격이 1파운드이다,무게가 1파운드이다,재료가 1파운드 들어간다,3
수영을 못하는 사람이 구명조끼가 없을 때 이용 할 수 있는 것은?,질소가 없는 과자봉지,구명조끼,질소 포장된 과자봉지,3
바다의 카멜레온'으로 몸의 색을 기분에 따라 바꾸는 동물은?,문어,멍게,해파리,1
컴퓨터로 동영상 재생 시 모든 소리 크기를 비슷하게 만들어 주는 기능은?,프리셋,이퀄라이저,노멀라이저,3
현재 배터리에 사용되는 액체 전해질을 고체로 만든 차세대 배터리는?,리튬에어 배터리,전고체 배터리,징크 배터리,2
다음 '반 고흐'의 작품 중 그가 살아있을 때 팔린 작품은?,아를의 붉은 포도밭,귀가 잘린 자화상,파리의 지붕들,1
일과 삶의 균형을 뜻하는 'Work and ( )balance'의 빈칸은?,live,life,love,2
식비를 줄이기 위해 냉장고 속 남은 재료로 해 먹는 행위를 일컫는 신조어는?,냉장고 파먹기,냉장고 청소,냉장고 골라담기,1
여전히 장롱면허를 가진 당신! 먼허 갱신은 몇 년 주기일까?,8년,10년,12년,2
작은 걸음으로 가볍고 힘차게 걷는 모양'을 나타내는 순 우리말은?,발맘발맘,앙큼상큼,짜박짜박,2
해외 사이트 물품 구매시 이용하는 '배대지'는 무엇의 줄임말일까?,내 배 되게 크지?,배송대행지,내 배 되게 작지?,2
회사 면접을 보러 가는 당신! 다음중 면접용으로 적절한 옷은?,우비와 장화,롱패딩과 털모자,깔끔한 정장,3
여름철 필수 아이템! 땀이나 물에 잘 지워지지 않는 화장품은?,워터프루프 제품,안티에이징 제품,화이트닝 제품,1
휴가를 보내는 방법 중 책과 관련 없는것은?,북케이션,북캉스,북한산 등반,3
다음 중 건전지 규격 중 가장 크기가 큰것은?,AA,AAA,AAAA,1
다음 중 '오랫동안 오던 비가 말끔히 갬' 이라는 뜻을 가진 단어는?,제출,신청,접수,2
"엔테로 바이러스'가 주 원인이며 발열, 두통 등 증상이 감기와 비슷한 병은?",뇌수막염,수족구병,심근염,1
커피를 마시면 이 영양소의 체내 흡수가 방해르 받는다. 무엇일까?,나트륨,니코틴,철분,2
"컴퓨터 장애를 대비하기 위해 두 대의 컴퓨터를 설치, 운용하는 시스템은?",듀얼시스템,멀티플렉스,다중처리시스템,1
"다음 중 테니스, 축구 등 구기 종목에서 사용하는 비디오 판독 시스템은?",호크아이,이글아이,스위프트아이,1
소리 없이 예쁘장하게 조금 입을 벌리고 웃는 모양을 뜻하는 우리말은?,둥싯,햇싯,봉싯,3
신생아기에 붙어 있던 탯줄이 떨어지면서 남은 흉터 부위는?,땀구멍,배꼽,씻을 수 없는 상처,2
빅뱅 이론의 강력한 증거가 되는 '이것'은?,우주 배경 복사,우주 배경 붙여넣기,우주 배경 화면,1
인터넷 상에서 신분을 확인하기 위해 쓰이지 않는 것은?,아이핀,공인인증서,호패,3
흑인들은 머리를 땋거나 빡빡 밀지 않으면 두피가 상한다. 왜일까?,머리를 자주 감아서,피부가 약해서,곱슬머리가 심해서,3
한 경기에서 가장 좋은 활약을 보여준 선수에게 주는 상 'MOM'은?,Man of the match,Man of man,Man of the money,1
아주 중요한 인물을 표현할때 VIP라고 하는데 이 'VIP'는 무엇의 약자일까?,Very Impress People,Very Interesting Person,Very Important Person,3
러시아의 목재 인형으로 인형 속에 인형이 여러 개 들어있는 인형은?,호두까기 인형,테트리스돌,마트료시카,3
다음 중 수컷 동물을 부르는 맞춤법이 틀린 것은?,숫양,수염소,숫쥐,2
생물학적으로 유전형질이 '우성'이 아닌 것은?,쌍커풀,다지증,생머리,3
시력 검사표에 쓰이는 'C'모양의 명칭은?,스넬렌 고리,란돌트 고리,칼자이스 고리,2
다음 중 미국에서 저작권법의 보호를 가장 오랫동안 받고 있는 캐릭터는?,심바,미키마우스,도널드 덕,2
선박 침몰 시 방출되지 않은 공기가 남아있는 공간을 칭하는 것은?,에어백,에어포켓,에어포스,2
독일의 자동차 회사 메르세데스-벤츠의 '메르세데스'는 어디서 따왔을까?,자동차 딜러의 딸 이름,독일어 '자비로운',창업주 아내의 이름,1
상대방의 말에 호응하거나 동의하는 것은?,맞짱,맞장구,다이다이,2
아이들이 할 수 있는 놀이가 아닌 것은?,얼음땡,깡통차기,로또,3
다음 중 바다 또는 호수에서 일어나는 물결을 부르는 말로 알맞은 것은?,빨강,파랑,노랑,2
"개의 새끼는 강아지, 말의 새끼는 망아지, 호랑이의 새끼는?",개호주,아범,호랑지,1
"전설 속에서, 쇠를 먹는다고 알려진 동물의 이름은?",불가사리,기린,해태,1
다음 중 '날씨가 약간 흐릿하다.'라는 뜻을 가진 말은?,디귿하다,미음하다,비읍하다,2
우리 몸속에서 세균을 잡아먹는 바이러스로 인체에는 무해한 '이것'은?,베네바이러스,어베스트,박테리오파지,3
코난 도일의 작품에 나오는 명탐정은?,김전일,왓슨 박사,셜록 홈스,3
유대인의 삶의 교과서는?,탈무드,논어,코란,1
"다음 중 고대의 '세계 7대 불가사의""에 거론되지 않는 것은?",이집트 피라미드,스페인 카사 밀라,바빌론 공중정원,2
"서명 및 청원처럼 인터넷에서 일어나는 정치, 사회적인 지지 목적의 행동은?",키보드워리어,인터넷트롤링,클릭티비즘,3
"다음 중, 포함된 음절 '수'가 한자어가 아닌 것은?",여름 운동 '수영',여름 꽃 '수국',여름 과일 '수박',3
고대 아즈텍 문명에서 사용했던 주 화폐는?,파피루스,카카오빈,금은 동전,2
다음 중 가장 마지막에 추가된 알파벳은?,I,J,Z,2
미국 전 대통령 '버락 오바마'가 처음 아르바이트를 했던 곳은?,맥도날드,배스킨라빈스,서브웨이,2
"선사시대 중, 신석기 바로 다음 시대는?",구석기 시대,청동기 시대,철기 시대,2
[넌센스퀴즈] 호주의 화폐단위는?,미국 달러,호주머니,비트코인,2
다음 중 FIFA월드컵을 개최한 적 있는 나라는?,우루과이,벨기에,크로아티아,1
지은이가 확실하지 않고 오랫동안 남녀노소에게 불려진 노래는?,민요,힙합,동요,1
다음 중 지문이 있는 동물은?,개,원숭이,고양이,2
물이 212도로 끓기 위해 필요한 온도 단위는?,섭씨,화씨,신씨,2
애니메이션 미키마우스와 미니마우스의 성우(웨인 올와인&루시 테일러)의 관계는?,소꿉친구,친척,부부,3
관용구 <귀신 OOO까먹는 소리>에서 빈 칸에 들어갈 올바른 표기는?,씻나락,씬나락,씨나락,1
윷놀이에서 '윷'이 상징하는 동물은?,개,말,소,3
"스피노자 왈! ""내일 지구의 종말이 와도 나는 한 그루의 OOOO를 심겠다."" 빈 칸은?",사과나무,벚꽃나무,대나무,1
금속탐지기를 이용하여 숨어있는 금속을 찾는 취미를 일컫는 말은?,금속탐지,도굴,점유이탈물횡령,1
"""관광객 오지마!"" 여행지의 원주민들이 관광객을 두려워하는 현상은?",이상한 현상,투어리즘 포비아,초자연 현상,2
"정부가 국민의 노령, 장애 또는 사망에 대하여 연금급여를 주는 제도는?",사학연금,개인연금,국민연금,3
다음 중 미국이 우리나라를 침략했던 사건은?,병인양요,신미양요,임오군란,2
지구가 아닌 천체를 사람이 살 수 있는 환경으로 만드는 것을 일컫는 말은?,테라포밍,체인지업,그린벨트,1
아침에 일어났을 때 기분이 무겁고 피곤해 아무것도 하기 싫은 증후군은?,해리성 장애,조간 증후군,과잉 적응 증후군,2
자라 보고 놀란 가슴 솥뚜껑 보고 놀라는 상황을 뜻하는 말은?,무조건 반사,조건 반사,무지개 반사,2
전화금융사기 '보이스피싱'을 영어로 하면?,Voice Phishing,Voice Fishing,Voice Pcing,1
존 케이지가 작곡한 '아무 연주도 하지 않는' 피아노 곡의 제목은?,1분 23초,3분 21초,4분 33초,3
야외에서 밥을 먹으며 소풍하는 것을 뜻하는 단어는?,피크닉,핑크퐁,클리닉,1
스페인 전통임식인 '빠에야'를 요리하는 팬의 이름이 아닌 것은?,빠에야,뿜뿜 뿜빠야,빠에예라,2
17세기 샴페인 생산에 큰 기여를 한 전설적인 수도사는?,상피뉴,돔 페리뇽,돈 스파이크,2
향기가 '후추'의 톡 쏘는 성질과 닮았다고 알려진 것은?,로즈마리,애플민트,페퍼민트,3
다음 중 코카콜라를 공식적으로 판매하지 않는 나라는?,중국,북한,러시아,2
모짜렐라 치즈는 전통적으로 '이것'의 젖으로 만들었다고 한다. '이것'은?,산양,물소,사슴,2
다음 중 식품이 아닌 약품으로 먼저 대중화가 된 음료는?,와인,레모네이드,초코우유,3
다음 중 사우디아라비아가 수입할 필요가 없는 것은?,모래,원유,낙타,2
우리나라 수제비와 비슷한 이탈리아의 전통 요리는?,뇨끼,뼁끼,예끼,1
다음 중 가장 오래된 영단어는?,패셔너블,퀴즈,블링블링,1
다음 중 현재 한국에서 직항으로 갈 수 없는 곳은?,사할린,리우데자네이루,아디스아바바,2
"북한에서 농구를 할 때 ""패스해!""를 뭐라고 할까?",연결해!,연장해!,연락해!,3
다음 중 국내 항공법 상 통행 우선순위가 가장 높은 항공기는?,여객기,헬리콥터,열기구,3
속눈썹이 짙고 길어 보이도록 칠하는 화장품의 표준어는?,마! 스까라,마스카라,마다가스카르,2
다음 중 신고 기한이 지나도 과태료를 물지 않는 것은?,출생신고,혼인신고,사망신고,2
제주도로 '식도락 여행'을 떠난 김모씨가 먹으면 안되는 음식은?,제주산 주상절리,제주산 갈치,제주산 말고기,1
"아시아', '토마토', '일요일' 처럼 거꾸로 해도 같은 말을 부르는 용어는?",동문,회문,반문,2
"1열, 3열, 5열처럼 '홀수가 되는 열'을 의미하는 단어는?",낱열,홑열,기열,3
로봇의 모습이 사람과 비슷해질수록 호감이 거부감으로 바뀐다는 이론은?,불쾌한 골짜기,불안한 협곡,우울한 계곡,1
"지능이 일찍 발달한 어린이들이, 말하는 능력은 늦게 발달하는 현상은?",피카소 증후군,모차르트 증후군,아인슈타인 증후군,3
동화 <어린왕자>에서 말을 하는 동물이 아닌 것은?,여우,코끼리,뱀,2
다음 중 '덥고 긴 여름날'을 지칭하는 영어권 용어는?,개의 날,고양이의 날,소의 날,1
다음 중 여의도보다 작은 나라는?,모나코,몰디브,몰타,1
표준시를 한 시간 앞당기는 '서머타임'은 유럽에서 몇월부터 시작될까?,3월,5월,7월,1
"반려동물을 키우지는 않지만, 콘텐츠를 통해 반려동물 문화를 즐기는 사람은?",뷰니멀족,눈 사람,무정한 사람,1
수면에 어려움을 겪는 상태를 부르는 말은?,수면장애,수영장,핵꿀잠,1
양심적 병역거부자를 위한 복무제도는 무엇일까?,징역,군면제,대체복무제,3
제주도는 여행객에게 세금을 받는 정책을 추진한다고 한다. 이 세금은?,상륙세,입도세,입장료,2
다음 중 '소수(Prime number)'가 아닌 것은?,1,2,3,1
다음 중 조선시대에 '커피'를 부르던 말은?,검은탕,고삐,양탕국,3
미국에서 휘발유 3갤런은 몇리터일까?,약 11리터,약 18리터,약 25리터,1
유교의 기본 경전인 '사서삼경' 중 '삼경'에 속하지 않는 것은?,서경,주역,대학,3
다음 중 포함된 한자 '사'의 뜻이 다른 단어는?,사육신,사필귀정,생사여부,2
다음 중 자신의 남매와 결혼한 그리스 신화의 신은?,아폴론,제우스,하데스,2
고속도로에서 일어나는 원인모를 교통정체를 부르는 말은?,미스터리 정체,유령 정체,바보 정체,2
다음 중 '버뮤다 삼각지대'의 꼭짓점에 해당하지 않는 것은?,플로리다,푸에트리코,하바나,3
빨갛던 삼겹살을 구우면 '이 반응'에 의하여 갈색이 된다. 무엇일까?,과민 반응,마이야르 반응,거부 반응,2
"다음 중 마약 탐지, 인명 구조, 범인 추적을 할 수 있는 동물은?",게,반달가슴곰,개,3
흡연이 불법인 비행기 내부에 재떨이가 설치된 장소가 있다. 어디일까?,화장실,승무원 침실,조종실,1
다음 중 '만 23세 나이 제한'이 있는 축구 경기가 아닌 것은?,올림픽 축구,AFC 아시안컵,아시안게임 축구,2
보행자 안전을 위한 '생활도로구역'의 자동차 제한 속도 기준은?,시속 20km,시속 30km,시속 40km,2
"페루에 있는 세계문화유산으로, 땅 위에 그려진 가장 큰 그림은?",아레키파 지상화,나스카 지상화,리마 지상화,2
다음 중 영토가 적도에 걸쳐있는 나라는?,적도기니,나이지리아,브라질,3
"""달 달 무슨 달, OO같이 둥근 달"" 빈칸에 알맞은 동요 '달'의 가사는?",감쪽,쟁반,악착,2
다음 중 사람의 손으로 길들인 매를 부르는 말은?,수지니,고으니,니코니코니~,1
"자동차 튜닝의 종류로, 사고를 유발하고 범죄에 이용될 수 있는 '이것'은?",불법 태닝,불법 시술,불법 선팅,3
다음 중 국내에 없는 전봇대는?,직선형 전봇대,나선형 전봇대,곡선형 전봇대,2
학생 참여형 수업과 시험없는 학기로 운영되는 중학교 교육과정은?,자유학기제,자율전공제,방과 후 학교,1
다음 중 수컷 호랑이와 암사자에게서 태어난 동물은?,타이언,라이거,타이곤,3
1999년 종말론'을 주장한 예언가는?,노가리,노스트라다무스,노라조,2
숙면을 위해 돈을 지출하는 현대인이 늘어나면서 성장하고 있는 산업은?,슬리포노믹스,슬리퍼신어,슬슬가자,1
한국을 세계 경제에 '밝은 미래'를 가져다 줄 국가란 뜻으로 사용한 말은?,미스 코리아,미스터 선샤인,미스터 리,2
아르헨티나 탱고음악 연주에 주로 사용되는 작은 손풍금의 이름은?,반도네온,가야금,멜로디언,1
다음 중 같은 음식이 아닌 것은?,지짐이,전병,전어,3
다음 중 시간대가 다른 한 도시는?,호치민,방콕,세부,3
보는 순간 시선을 끌고 화젯거리가 되는 제품이나 서비스를 가리키는 말은?,퍼플카우,레드오션,블루슈머,1
다음 오페라 중 작곡자가 다른 작품은?,피가로의 결혼,투란도트,나비부인,1
주한 미군사령부가 73년만에 어디에서 어디로 이전했나?,평택에서 용산,동두천에서 평택,용산에서 평택,3
"동요 <햇빛은 쨍쨍>에서 ""햇볕은 쨍쨍, OOO은(는) 반짝"" 빈칸에 알맞은 가사는?",금니,모래알,인기,2
2018년 하반기부터 '이것'을 마시고 자전거를 운전하면 처벌 받는다. 이것은?,공기,물,술,3
요즘은 스크린을 통해 실내에서도 스포츠를 즐길 수 있다. 해당되지 않는 것은?,스크린 수영,스크린 골프,스크린 야구,1
"마음의 감기'라고 불리며 불면증, 식욕저하, 지나친 죄책감을 느끼는 병은?",우울증,조현병,공황장애,1
세계적인 유적지 '앙코르와트'는 최근 '이것'으로 고통받고 있다. 이것은?,쓰레기,모기,비행기 소음,1
"<창방조생, 천흥, 대구보>는 어떤 과일의 품종일까?",살구,복숭아,자두,2
카카오프렌즈의 인기 캐릭터 '라이언'의 직책은?,대리,상무,전무,3
다음 중 '추리소설의 아버지'로 불리는 사람은?,아서 코난 도일,에드가 앨런 포,에밀 가보리오,2
피아노 연습곡으로 유명한 '체르니'는?,베토벤의 제자,모차르트의 고향,하이든의 아들,1
불멸의 세포로 많은 연구에 사용되는 '헨리에타 렉스의 암세포'는?,에타 세포,헬라 세포,렉스 세포,2
"꿈의 신소재라 불리며, 세상에서 가장 얇은 두께의 물질은?",그래핀,광섬유,나노,1
"영어로 ""Pay attention!""은 우리말로 외치면 무엇이 될까?",주모~!,주먹!,주목!,3
다음 중 일본어 '소데나시'의 줄임말 '나시'로 불리는 옷은?,민소매,후추,민머리,1
존재감이 없거나 미미한 사람을 사물에 비유해서 부르는 말은?,미친 존재감,병풍,분위기 메이커,2
1995년에 일어났던 삼풍백화점 붕괴사고의 원인은?,"설계, 시공, 관리의 부실",테러,지진,1
전통적으로 제사나 혼례에서 사용해온 '놋쇠'로 만든 그릇은?,사기그릇,질그릇,유기그릇,3
"2002년, 월드컵 열기에 잊혀졌던 연평도 해상에서 일어난 전투는?",제1연평해전,제2연평해전,연평도전투,2
양심에 따라 불법행위나 비리를 고발하는 '내부고발자'와 같은 말이 아닌 것은?,휘슬블로어,더블딥,딥스로트,2
다음 중 닭이 낳은 알 '달걀'의 한자어로 틀린 것은?,계양,계단,계자,1
"아랍어로 통치자를 뜻하며, 터키 에도르안 대통령이 재선출되며 부각된 이 단어는?",술탄,물탄,약탄,1
K팝 걸그룹 최초로 빌보드 메인차트 2개에 동시 진입한 그룹은?,원더걸스,방탄소년단,블랙핑크,3
노선버스 근로환경 개선을 위해 정부가 전국확대를 추진하려는 방안은?,버스준공영제,광역버스제,버스노선강화제,1
매우 적은 양으로 물질 대사나 생리기능을 조절하는 필수적인 영양소는?,우라늄,플루토늄,비타민,3
영국 애니메이션 <토마스와 친구들>의 주인공 토마스는?,우주선,기관차,전기차,2
우리나라 최초의 철도는?,경인선,경부선,경강선,1
다음 중 물을 퍼붓듯이 세게 내리는 비를 부르는 말은?,박수,악수,깍지,2
미니 축구 '풋살'은 한팀이 몇 명이서 하는 경기일까?,5명,7명,8명,1
영어 'Bo Peep Bo Peep'을 우리말로 표현했을때 가장 적절한 것은?,뛰뛰! 빵빵!,삐뽀~삐뽀~,우르르 까꿍~!,3
제주도의 상징! 돌하르방의 재료는?,현무암,전현무,주작암,1
근위병 교대식으로 유명한 런던의 궁전 이름은?,버스킹,버킹엄,버거킹,2
"문화체육관광부 기준, 2018년 국민 80%가 선택한 여름 휴가지는?",국내,방콕,북한,1
국내 호텔에서 휴가를 보내는 것을 뜻하는 신조어는?,몰캉스,바캉스,호캉스,3
나라와 대표 관광명소가 잘못 연결된 것은?,체코-프라하성,로마-콜로세움,스위스-샹젤리제,3
다음 중 관세가 면제된 상품에 붙어있는 마크는?,듀티프리,택스프리,알콜프리,1
2018년 여행을 가기위해 비자가 필요한 곳은?,중국,홍콩,필리핀,1
대한민국 성인이면 이용 가능한 국내 기차패스는?,내일로,하나로,문화로,2
4대 문명 발상지의 국가에 있는 명소가 아닌 것은?,피라미드,티티카카 호수,모헨조다로 유적,2
뽑기'로도 불리는 설탕을 녹인 다음 소다를 넣어 만든 과자는?,달구나,달고나,달짝지근하구나,2
과중한 업무로 질병이 악화되어 사망에 이르는 것을 뜻하는 사회적 용어는?,호상,우루사,과로사,3
다음 중 평균적으로 가장 잠을 적게 자는 동물은?,코알라,나무늘보,기린,3
다음 중 범죄를 해결하는 데 있어서의 결정적인 증거를 일컫는 말은?,두루마리,스모킹 건,심증,2
임대료가 올라 원주민이 떠나는 '젠트리피케이션'의 순화어는?,둥지 내몰림,둥지 떠남이,둥지 빼앗기,1
자동차 급제동 시 바퀴가 잠기는 현상을 방지하기 위한 시스템은?,EBD,ECS,ABS,3
2017년 병역회피 수법으로 가장 많이 사용된 방법은?,고의 체중 조절,정신질환 위장,고의 문신,1
"국내 화폐중 가장 짧게 유통된 화폐, 100환권에 그려진 그림은?",아빠와 아들,엄마와 아들,엄마와 두 딸,2
다음 중 '소개팅'에 해당되는 영어 단어는?,커튼 데이트,카펫 데이트,블라인드 데이트,3
소비자 불매운동을 뜻하는 '보이콧'은 어디에서 유래된 말일까?,법안명,사람 이름,기업 이름,2
"닭과 인삼, 대추, 찹쌀 등을 넣어 만드는 여름 보양식은?",진흙탕,삼계탕,남녀혼탕,2
제주도에서 밥과 누룩을 담가 만들어 먹는 여름철 음료는?,흰다리,쉰다리,꺽다리,2
"뉴스에서 날씨에 관한 정보를 수집, 전달하는 역할을 하는 직업은?",취침캐스터,캐스터네츠,기상캐스터,3
단말기를 설치하면 주행 중 자동으로 통행료가 결제되는 시스템은?,하이패스,스루패스,노룩패스,1
국회의원이 사용처를 밝히지 않고 쓸 수 있도록 나라에서 지급받는 경비는?,특수활동비,뇌물,용돈,1
하천이 범람하여 주변 지역에 피해를 입히는 자연재해는?,산사태,홍수,가뭄,2
"""비가오면 생각나는 그사람""으로 시작하는 심수봉의 노래는?",그 막걸리집,백만송이 장미,그때 그 사람,3
"사르트르의 명언 ""인생은 'B'와 'D'사이의 'C'다."" 에서 풀이가 알맞은 알파벳은?",B -Birth,D - Dollar,C - Chocolate,1
다음 중 농작물에 피해를 입히는 벌레는?,응애,꽃등에,누에,1
보기의 인물들은 사제관계로 맺어져 있다. 가장 스승은 누구일까?,소크라테스,아리스토텔레스,플라톤,1
안개비보다는 조금 굵고 이슬비보다는 가는 비를 부르는 말은?,개비,는개,촉비,2
스페인에서 식사 전 술과 곁들여 간단히 먹는 음식을 이르는 말은?,치토스,타파스,코파스,2
회사도 집도 잊고 떠나고 싶은 충동이 드는것을 '( )증후군'이라고 한다. 빈칸은?,정신가출,멍때리기,유체이탈,1
다음 중 현재 유로화가 국가 화폐가 아닌 나라는?,프랑스,독일,영국,3
다음 중 미국을 배경으로 한 뮤지컬은?,토요일 밤의 열기,오페라의 유령,빌리 엘리어트,1
사과향이 나서 '땅에서 나는 사과'라고 불리는 허브는?,라벤더,히비스커스,카모마일,3
치아의 통증을 뜻하는 '치통'의 북한어는?,이뽑기,이쑤시기,이쏘기,3
6.25 전쟁을 일으켜 동족상잔의 비극을 만든 사람은?,김일성,김정일,김정은,1
연예인들이 군대를 직접 체험하는 예능 프로그램은?,진짜 사나?,트와이스 사나,진짜 사나이,2
다음 중 나무에서 열리는 열매가 아닌 것은?,치자,구기자,피자,3
30대에도 회사에서 퇴직을 강요당하는 현실을 반영한 신조어는?,휴전선,38선,낙동강 방어선,2
똑바로 누워서 하는 수영은 배영! 옆으로 누워서 수영하는 영법은?,횡영,입영,반배영,1
6.25 전쟁이 발발한 시대를 배경으로 한 영화가 아닌 것은?,태극기 휘날리며,웰컴투 동막골,실미도,3
인천상륙작전'을 주도한 맥아더 장군이 즐겨 썻던 선글라스의 브랜드는?,레이벤,지방시,폴리스,1
독립국가를 주장하지만 다른 나라들로부터 인정받지 못한 집단을 일컫는 말은?,메세나폴리스,인디펜던스캐피탈,마이크로네이션,3
월드컵 개최를 담당하고 있는 국제축구연맹의 약자는?,피파,코파,도파,1
다음 중 불어로 안녕하세요 라는 뜻의 인사말은?,봉쥬르,봉만대,봉잡아,1
다음 중 한 나라의 수도가 아닌 곳은?,파리,로마,이스탄불,3
다음 중 마블코믹스 소속 히어로가 아닌 인물은?,아이언맨,슈퍼맨,헐크,2
전세계 지진과 화산활동이 대부분 일어나는 '불의고리'에 속하는 나라는?,알래스카,영국,남아프리카공화국,1
월트 디즈니의 캐릭터 곰돌이 푸의 성별은?,남성,중성,여성,3
땅을 파거나 깍을 때 사용되는 건설 기계는?,포크레인,스푼레인,나이프레인,1
국내 고속도로에서 도로교통법 위반 행위를 불시에 단속하는 순찰차는?,암행 순찰차,쾌걸조로 순찰차,배트맨 순찰차,1
다수가 한 집에 살면서 개인적인 공간은 따로 사용하는 주거 양식은?,땅콩하우스,게스트하우스,셰어하우스,3
전기자동차와 수소연료전지자동차의 번호판 배경 색깔은?,붉은색,하늘색,초록색,2
다음 중 특산품 앞에 붙은 이름이 지명이 아닌 것은?,상주 곶감,풍천 장어,단양 마을,2
다음 중 외래어가 아닌 것은?,댐,비닐,헹가래,3
다음 중 한자의 뜻이 다른 '문'은?,신문,의문,학문,1
답답했던 상황이 통쾌하게 진행 될 경우 쓰이는 인터넷 유행어는?,고구마,감자,사이다,3
몸의 중심 부위를 강화시키는 운동을 부르는 말은?,새마을 운동,코어 운동,성서 이곡동,2
트럼프 카드에서 보기 중 색깔이 다른 하나는?,스페이드,다이아몬드,클로버,2
매장에서 상품을 보고 구매는 인터넷으로 하는 사람들을 일컫는 신조어는?,쇼루밍족,그루밍족,프로슈머,1
강아지들이 불안함을 느낄 때 보내는 몸짓 언어를 부르는 말은?,카밍 시그널,블랙 라이트,바디 하울링,1
제주도에서 산을 부르는 말 오름!  다음 중 제주도엥 없는 오름은?,물오름,소소름,대오름,3
뮤지컬 최초로 노벨문학상을 받은 미국의 싱어송라이터는?,밥 달라,밥 드려,밥 딜런,3
소송에 있어 원고의 청구를 이유가 없다고 하여 배척하는 판결은?,기각,항소,상소,1
20년에 걸쳐 보수 정비를 마친 국내 최고령 석탑은?,경주 분황사 석탑,익산 미륵사지 석탑,불국사 다보탑,2
야구에서 '안방 마님'으로 불리는 포지션은?,포수,감독의 아내,구단주의 부인,1
속담 '까마귀 고기를 먹었냐?'는 어떤 사람에게 쓰는 말일까?,까마귀를 먹은 사람,건망증이 심한 사람,오골계를 키우는 사람,2
2002년 월드컵에서 히딩크 감독이 했던 '골 세레머니'는?,어퍼컷,공중제비,손가락 흔들고 호우!,1
다음 중 자외선 노출이 원인이 되는 질환은?,건선,아토피 피부염,피부암,3
남반구에서 '1년중 밤이 가장 긴 날'은 우리나라 절기로 언제일까?,하지,입춘,동지,1
건강한 식단과 식비 절감을 위해 '1주일 치 식사를 미리 준비하는 방법'은?,비포어핸드,디톡스,밀프렙,3
코뿔소의 '뿔'은 원래 무엇일까?,뼈,피부,이빨,2
이동식 기억장치 'USB'에서 B는 무엇의 약자일까?,Board,Bus,Booting,2
피사의 사탑이 기울어져있는 이유는?,설계를 기울게 해서,지반이 불균형 해서,관광객이 밀어서,2
다음 중 발명왕 에디슨이 말한 '가장 어리석고 못난 변명'은?,돈이 없어서,재능이 없어서,시간이 없어서,3
백설공주가 깊은 잠에 빠지게 된 이유는?,윽;; 독사과를 먹어서,점심에 과식을해서,어젯밤 너무 달려서,1
출입문에 쓰여있는 '미세요'의 올바른 영어 단어는?,PUSH,PULL,PASS,1
스마트폰을 비롯한 모바일 기기에 익숙한 세대를 무엇이라 부를까?,5G세대,모모 세대,무브 제네레이션,2
일과 가정의 조화를 위해 탄력적인 근무를 하는 정규직 노동자를 일컫는 말은?,그레이칼라,그린칼라,퍼플칼라,3
다음 중 짐승의 수컷을 뜻하는 올바른 말은?,수놈,순놈,숫놈,1
속담 '외모는 거울로 보고 마음은 ( )(으)로 본다'에서 빈칸은?,술,말,성격,1
다음 주민등록번호를 가진 사람중에서 가장 먼저 태어난 사람은?,******-1261833,******-3261833,******-9261833,3
현역 군인은 전역한 다음 해부터 8년동안 '( )'에 편성된다. 빈칸은?,게릴라군,예비군,반란군,2
소설 <해리포터>에서 해리의 이마에 있는 번개모양은 무엇일까?,문신,점,흉터,3
자국에서의 박해를 피해 다른 곳으로 탈출하는 사람은?,난민,양민,인민,1
달리기 운동 '조깅'을 영어로 하면?,Jogging,Morning Run,Slow Run,1
더치페이(Dutch Pay)'의 우리말 순화어는?,반반 내기,각자 내기,나눠 내기,2
손을 쓰지 않고도 콧구멍을 자유자재로 닫을 수 있는 동물은?,하마,스컹크,고릴라,1
포도나 자두 표면의 흰 가루를 먹으면 어떻게 될까?,죽는다,달다,아프다,2
가까운 곳이 잘 안보이는 사람이 쓰는 안경의 렌즈는?,오목렌즈,볼록렌즈,평렌즈,2
다음 디즈니 애니메이션 여성 캐릭터 중 20대는?,신데렐라,라푼젤,엘사,3
축구용어 '해트트릭'은 어느 스포츠 종목에서 비롯되었을까?,크리켓,테니스,골프,1
누구에게나 친절한 사람'을 가리키는 중국의 신조어는?,중앙 에어컨,공기 청정기,공용 컴퓨터,1
다음 중 '아우'의 높임말로 옳은 것은?,아우 진짜,아우님,아우야,2
운동하고 있는 기계의 속도를 감속하거나 정지시키는 장치는?,브레이크,엑셀레이트,ABS,1
캐릭터들을 축소해 재현한 인형인 '피규어'의 올바른 표기는?,피겨,피그렛,픽미업,1
한 명을 위한 최소한의 공간을 제공하는 저렴한 호텔은?,캡슐 호텔,포켓 호텔,비즈니스 호텔,1
허벅지 뒤쪽 부분의 근육과 힘줄인 '햄스트링'의 기능이 아닌 것은?,속도 감속,방향 전환,폐활량 상승,3
다음 중 우리나라에 없는 도로교통 안전표지판은?,노인 보호,자전거 횡단도,드론 전용구간,3
"동요 ""OOOO OOOO 으쓱 으쓱""에서 빈칸에 들어갈 말은?",달랑달랑,딸랑딸랑,짤랑짤랑,3
딸의 남편인 '사위'를 나타내는 말로 옳은 것은?,백년손님,단골손님,진상손님,1
속담 입은 삐뚤어져도 ( )은/는 바로 해라' 빈칸에 알맞은 말은?,코,말,혀,2
양치를 매일 해도 생기는 '치석'을 제거하는 시술은?,스케일링,치아미백,임플란트,1
가수의 뒤에서 보조적으로 노래를 부르는 사람은?,매니저,코러스,백댄서,2
지역의 옛 이름과 현재 이름이 잘못 짝지어진 것은?,달구벌-대구,한밭-대전,서라벌-광주,3
"영화, 드라마의 감독이 '자신의 분신으로 생각하는 배우'를 일컫는 말은?",페르소나,뮤즈,메소드,1
2018 월드컵에 적용되는 '비디오 판독 시스템'을 부르는 용어는?,VR,VAR,VCR,2
기도를 할 때 말하는 '아멘'은 무슨 뜻일까?,믿습니다,구원해주소서,찬양하라,1
정보에 쉽게 접근하게 해주는 'QR코드'의 'QR'은 무엇의 약자일까?,Quick Reallity,Quick Response,Quice Reaction,2
다음 중 알을 낳은 다음 새끼를 부화시키는 뱀은?,살모사,아나콘다,꽃뱀,3
"방송전파의 통신로를 말하며, ""OO 고정!""의 빈칸의 들어갈 말은?",노리쇠 후퇴,시선,채널,3
"<우주를 줄게, 썸 탈꺼야, 여행>을 부른 가수는?",볼빨간 김춘기,빨간볼 사춘기,볼빨간 사춘기,3
2006년 독일 월드컵에서 '꼭짓점 댄스'로 열풍을 일으킨 연예인은?,싸이,김수로,윤도현,2
다음 중 연예인 가족으로 틀리게 짝지어진 것은?,엄앵란&엄정화,배성우&배성재,션&정혜영,1
다음 중 나이가 다른 연예인은?,박명수,강호동,김용만,3
국내 최초로 TV에서 방송된 일일 연속극은?,전원일기,눈이 나리는데,결혼행진곡,2
단오는 여자는 창포물로 머리를 감고 남자는 '이것'을 하는 명절이다. 이것은?,말싸움,윷놀이,씨름,3
스포츠는 흔히 '( )'로 불린다. 빈칸에 알맞은 말은?,각본 없는 드라마,짜고 치는 고스톱,안 봐도 비디오,1
달리기 경기에서 '페이스 메이커'는 어떤 사람일까?,팀의 최고 에이스,선두를 이끄는 사람,출발이 가장 빠른 사람,2
"다른 사람이 보고 있을 때, 행동에 영향을 받는 일을 말하는 심리 효과는?",관중효과,군중심리,집단지성,1
조선시대 하급 관리를 채용하기 위해 실시한 시험은?,취재,보도,중계,1
밤 최저기온 몇 도를 기준으로 '열대야'라고 말할까?,25도,27도,29도,1
스펙을 쌓는다'고 말할 때 '스펙'은 어떤 영어에서 나온 말일까?,범위(spectrum),설명(specification),특별한(special),2
차례나 방향이 반대인 것을 뜻하는 말'중 표준어가 아닌 것은?,가꾸로,까꾸로,꺼꾸로,3
스트리트 댄스의 장르가 아닌 것은?,왁킹,로킹,쇼킹,3
말이나 행동을 일부러 분명하게 하지 않는 모양을 나타내는 말로 틀린 것은?,어물쩍,어물쩡,우물쩍,2
다음 중 포함된 한자 '미'의 의미가 다른 것은?,미인,미식가,미소,3
겜블링 게임에서 사기꾼의 희생자를 지칭하는 말은?,랍스터,치킨,쉬림프,1
"""떠나요~둘이서~모든 것 훌훌 버리고""의 노래 제목은?",제주도 푸른 밤,여수 밤바다,신혼여행,1
충남 보령에서는 <OO 축제>가 유명하다. OO에 들어갈 말은?,녹차,빙어,머드,3
제주 서귀포의 <권지용숲>은 지드래곤의 무엇을 기념하여 조성된 것일까??,데뷔일,팬클럽창단일,생일,3
지명을 붙인 명칭으로 현재는 멸종된 개의 품종은?,진돗개,거제개,풍산개,2
"<경계이자 고개, 양희은, 차가운 시내>로 연상되는 지명은?",대관령,미시령,한계령,3
다음 중 경기도 화성시에 있는 지명은?,안녕동,인사동,예의리,1
1인당 지역 총소득이 가장 높은 곳은?,서울특별시,울산광역시,부산광역시,2
물이 맑고 잔잔하여 못과 같았던 데서 유래된 '청숫골'의 현재 지명은?,서울시 강남구 청담동,강원도 속초시 청학동,제주도 한경면 청수리,1
동화 '미운 오리 새끼'의 주인공 오리는 어떤 동물이었나?,청둥오리,백조,가오리,2
"고려시대 특권으로, 관리의 자녀는 시험보지 않고 등용했던 제도는?",음서 제도,과거 제도,기인 제도,1
질서 있고 평화롭지만 열정적으로 응원하는 덴마크의 축구 관람 문화는?,홀리건,롤리건,콜리건,2
다음 중 멕시코 여행을 가서 볼 수 없는 것은?,피라미드,핑크라군,알무데나 대성당,3
다음 중 자식이 커서 부모를 봉양하는 일을 뜻하는 말은?,대갚음,안갚음,앙갚음,2
2018년 한국인 부모에게서 태어난 아이는 이름을 몇 글자까지 만들 수 있을까?,5자,10자,무제한,1
아프리카의 '어린이날'은 언제일까?,4월16일,5월16일,6월16일,3
우리나라의 가장 많은 성씨는 '김'씨! 그렇다면 다음 3개 순서는?,이>박>최,이>최>박,박>이>최,1
회사의 가축처럼 일하는 직장인'이라는 뜻의 신조어는?,잡축,사축,일축,2
다음 중 국내 대학교에 존재하는 학과가 아닌 것은?,얼굴경영학과,감귤포장학과,북한학과,2
다음 중 혀의 '통각'으로 느낄 수 있는 맛은?,짠맛,감칠맛,매운맛,3
다음 중 사람의 이름을 붙인 명칭이 아닌 것은?,나박김치,숙주나물,임연수어,1
글을 잘 이해하는 지혜를 이르는 말'이라는 뜻의 순우리말은?,글구멍,글머리,글주변,1
감기를 가리키는 순우리말은?,고뿔소,개뿔,고뿔,3
이란의 수도는?,테헤란,저그,프로토스,1
"속담 ""시장이 반찬""에서 '시장'과 같은 의미를 갖는 것은?",배고픔,박원순,남대문 시장,1
인건비가 오름에 따라 사용량이 많아지고 있는 무인 단말기는?,모뎀,키오스크,라우터,2
"피로회복제의 주성분으로 오징어, 문어에 많이 들어있는 것은?",카페인,타우린,키토산,2
아프리카 열대우림에 사는 평균 키 150cm의 난쟁이 부족은?,마사이족,피그미족,마오리족,2
스페인어 '베사메무쵸'의 뜻은?,우리 춤 출까요,꽉 안아줘,뽀뽀 많이 해줘,3
세계에서 가장 큰 공룡은?,아르젠티노사우르스,암피코엘리아스,티라노사우르스,1
궁둥이는 어느 부위를 말할까?,볼기의 윗부분,볼기의 중간부분,볼기의 아랫부분,3
야구에서 투수와 포수를 합쳐 부르는 말은?,배터리,마운드 2인조,충전기,1
올챙이가 개구리로 성장할 때 가장 먼저 생기는 부위는?,뒷다리,가운데다리,앞다리,1
사람의 몸에서 물이 차지하는 비율은?,약 50%,약 70%,약 90%,2
다음 중 1급수에만 사는 생물은?,피라미,쉬리,버들치,3
잘 되고 있는 상황을 어그러뜨릴 때 '초를 친다'고 한다. 여기서 초는?,식초,양초,잡초,1
중국의 멸종위기종으로 '실사판 피카츄'라 불리는 동물의 이름은?,담비,일리 피카,토끼박쥐,2
노래 <Viva la Vida>로 유명한 영국 록밴드는?,콜드브루,콜드게임,콜드플레이,3
도로가 함몰돼 구멍이 파인 곳을 뜻하는 용어가 아닌 것은?,블랙홀,포트홀,싱크홀,1
"축구경기에서 전, 후반 이후 '추가시간'을 뜻하는 말이 아닌것은?", 쿨링 타임,로스 타임,인저리 타임,1
E-mail 주소를 표기할 때 사용하는 '@'를 부르는 올바른 명칭은?,골뱅이,에이원,앳 마크,3
에베레스트산에 이어 세계에서 두 번째로 높은 산은?,로체,K2,안나푸르나,2
"""네가 OOO 않았으면 좋겠어""에서 빈칸에 들어갈 말은?",개념치,궤념치,괘념치,3
다음 중 한 해에 5대 국내 가요 시상식 대상을 모두 석권한 가수/그룹은?,H.O.T,김건모,조성모,2
북한이 표준말로 삼고 있는 언어를 무엇이라 부를까?,문화어,평양어,인민어,1
"링컨의 명언, '투표는 OO보다 강하다' 빈칸에 알맞은 말은?",총알,칼날,화폐,1
"<고슴도치, 버즈, 눈에 거슬리는 사람, 장미> 가장 연상되는 것은?",가시,인형,심수봉,1
6월의 발음으로 옳은 것은?,유월,유월,유궐,2
윌리엄 왕세손 딸이자 영국의 공주 이름은?,샬롯,벨,스노우화이트,1
"""(  ) 날 불평 불만이냐!?"" 맞춤법이 올바른 표현은?",허구헌,허구한,허구연,2
원운동을 하는 물체에서 '원의 중심 방향'으로 작용하는 힘은??,구심력,원심력,수직항력,1
"선거의 4대 원칙<평등 선거, 직접 선거, 비밀 선거, OO 선거>",보통,공정,객관,1
대형 우량주를 뜻하는 말로 '예능계의 OOO'으로 잘 쓰이는 말은?,옐로칩,블랙칩,블루칩,3
전혀 근거가 없는 경우 '터무니 없다' 라고 한다. 다음 중 '터무니'의 뜻은?,발등에 난 털,터를 잡는 자취,튀어나온 앞니,2
맨손으로 '드라이아이스'를 만지면 일어나는 피부의 손상은?,화상,절상,동상,3
"천자문! <하늘 천, 땅 지, 검을 현, 누를 황, 집 우, 집 주> 다음은?",거칠 황,큰물 홍,날 일,2
다음 중 한국에 있는 지역명이 아닌 것은?,김제동,오취리,대가리,1
우리나라의 전통 음식이 아닌것은?,삼계탕,마라탕,감자탕,2
조리 시설을 갖춘 차량으로 이동하며 음식을 판매하는 것은?,오일장,포장마차,푸드트럭,3
요리-주재료가 맞는 것은?,올챙이국수-올챙이,가자미식해-가자미,고갈비-갈비,2
"""이런 더위에는 입맛을 OOO 음식이 필요해!""의 빈칸에 들어갈 말은?",돋구는,돋우는,도지는,2
이슬람 율법에 어긋나지 않는 음식을 무엇이라 할까?,하람 푸드,할랄 푸드,라마단,2
소뼈와 고기를 넣고 끓인 국으로 '설렁탕'의 원래 명칭은?,선농탕,설렁탕,썰렁탕,1
북한에서 '라면'을 부르는 말은?,꼬부랑 국수,꼬불꼬불 국수,구부렁 국수,1
다음 중 호불호가 갈리는 채소 '고수'의 원산지는?,동남아,라틴 아메리카,자중해 연안,3
우리나라 야구 레전드 투수로 '나고야의 태양'으로 불렸던 선수는?,이종범,선동열,이상훈,2
운동 후 땀으로 빠져나간 전해질을 보충하기 위해 마시는 것은?,이온음료,소주,양잿물,1
미술계의 올림픽'으로 불리며 2년마다 개최되는 국제미술전은?,비엔날레,아트 페어,아톨림픽,1
음식물을 되새김질하는 동물이 아닌 것은?,소,기린,돼지,3
다음 중 '켜다'의 의미가 다른 것은?,라디오를 켜다,라이터를 켜다,기지개를 켜다,3
포르투갈어로 '빵'은?,브레드,카스텔라,팡,3
다음 중 각국의 '사랑해'를 뜻하는 외국어가 잘못 짝지어진 것은?,독일-이히리베디히,네덜란드-익허우반여우,이탈리아-떼기에로,3
에버랜드에 살고 있는 '국내 유일의 북극곰'의 이름은?,슛돌이,통키,강백호,2
꿀벌은 꽃을 발견하면 동료들에게 어떻게 알릴까?,노래를 부른다,춤을 춘다,페로몬을 뿌린다,2
"<푸른 나무, 양희은의 노래, 심훈의 소설>을 연상시키는 것은??",상록수,가로수,벚꽃나무,1
"제주시 우도면에 위치해 있으며, 모래가 전부 검은색인 해변의 명칭은?",검멀레해변,거무스레해변,그을린해변,1
다음 중 '별의 고을'이라 불리는 지역으로 참외가 유명한 곳은?,정선,성주,횡성,2
다음 중 전라남도 여수시에 있는 해역의 이름으로 옳은 것은?,남자만,여자만,애인만,2
국내 최초 고속도로 상공에 건설된 'OO 하늘휴게소'의  OO에 들어갈 지역은?,수원,시흥,성남,2
다음 중 부산에 위치한 <장승 등대>의 별칭이 아닌 것은?,마징가Z 등대,태권Z 등대,메칸더V 등대,3
군부대가 많은 강원도에 없는 지명은?,대장리,대위리,상사리,1
보통 열차보다 속도가 빠르고 정차하는 역이 적은 열차는?,완행열차,급행열차,설국열차,2
본명 이외에 한편에서 따로 부르는 이름을 뜻하는 단어는?,일명,박명,수명,1
한국인 최초로 메이저리그에 진출한 야구선수는?,류현진,추신수,박찬호,3
한국인 최초로 잉글랜드 프리미어리그에 진출한 축구선수는?,설기현,이영표,박지성,3
시청률이나 청취율이 가장 높은 방송시간대를 가리키는 말이 아닌 것은?,피크 타임,프라임 타임,해피 아워,3
드러낙[ 차려입다'라는 뜻의 순우리말은?,떨쳐입다,걷어입다,고이입다,1
동요 <동네 한바퀴>에서 '동네 한바퀴'는 몇 번 나올까?,세 번,네 번,다섯 번,2
다음 중 배가 고프면 자신의 꼬리를 먹는 물고기는?,뱀장어,쉬리,갈치,3
"축구에서 흔히 쓰이는 말로, '경기는 해봐야 안다'는 의미와 같은 것은?",공은 차야 제 맛이다,공은 둥글다,공은 잘못이 없다,2
역대 월드컵에서 가장 많이 우승한 국가는?,브라질,독일,이탈리아,1
투표 시 본인확인을 위해 챙겨야 할 물건이 아닌 것은?,운전면허증,여권,명함,3
우리나라에서는 몇 살부터 투표가 가능할까?,만 17세,만 19세,만 21세,2
지방선거에서 출마할 수 있는 나이 자격은?,만 19세 이상,만 20세 이상,만 25세 이상,3
개표소에서 개표참관인을 할 수 있는 사람은?,후보자,공무원,외국인,1
한자어 '기린아'의 뜻으로 올바른 것은?,남달리 뛰어난 젊은이,남달리 목이 긴 젊은이,목이 길어 슬픈 짐승,1
영화나 드라마에서 유명배우가 깜짝 출연하는 것을 말하는 용어는?,스턴트맨,엑스트라,카메오,3
"고대 그리스의 광장으로 정치, 재판, 상업, 사교 등이 이루어졌던 곳은?",파고다,아고다,아고라,3
런웨이'와 함께 쓰이는 패션쇼장의 무대를 부르는 말은?,워킹 스트리트,캣워크,하이웨이,2
인공지능이 전체 인류 지능의 총합을 넘어서는 지점을 말하는 것은?,특이점,유토피아,알파스팟,1
힙합에서 사용하는 '스왜그(Swag)'는 누가 만든 말일까?,켄드릭 라마,셰익스피어,도끼,2
나치의 선정 장관으로 대중 선동에 악마적 재능이 있었던 인물은?,아돌프 히틀러,파울 괴벨스,헤르만 괴링,2
"지하철 운행 지연으로 지각할 시 회사, 학교 등에 제출할 수 있는 서류는?",간편지연증명서,가족관계증명서,학연지연증명서,1
복싱에서 기권을 할 때 던지는 것은?,화염병,수건,주사위,2
다음 중 중국의 역사서<사기>를 쓴 인물은?,사마천,제갈량,손자,1
"공기 중에 가장 많은 기체로, 과자를 포장할 때 사용하는 것은?",산소,이산화탄소,질소,3
한국교육과정평가원에서 주관하는 '수능 모의고사'가 열리지 않는 달은?,6월,9월,11월,3
경기 중 공의 순간 속도가 가장 빠른 스포츠는?,배드민턴,탁구,테니스,1
얼굴빛이 술기운을 띠거나 혈기가 좋아 불그레하다.'를 뜻하는 우리말은?,불콰하다,버릊다,건담하다,1
새가 비행기에 부딪히거나 엔진 속에 빨려들어가 사고를 일으키는 현상은?,앵그리 버드,얼리 버드,버드 스트라이크,3
한국과 호주의 허리케인이 회전하는 방향은?,같다,다르다,매번 바뀐다,2
다음 중 2월 29일 있었던 해는?,2010년,2016년,2018년,2
형제의 자녀를 일컫는 호칭'조카'의 원래 뜻은?,발 아래,어린 아이,작은 신발,1
나라를 위해 목숨을 바친 열사를 일컫는 말로 흔히 쓰이지 않는 것은?,순국선열,호국영령,태극전사,3
다른 관객의 관람을 방해하는 행위를 부르는 신조어는?,관종,관크,ADHD,2
자신이 느끼는 감정과 무관하게 직무를 행해야 하는 노동은?,막노동,감정노동,억지노동,2
다음 중 국립 현충원이 있지 않은 곳은?,서울특별시,대전광역시,광주광역시,3
종이를 손상시키지 않아 '목탄화의 지우개'로 쓰이는 것은?,식빵,손수건,침,1
조의를 표하기 위해 계양하는 국기를 부르는 말이 아닌 것은?,반기,조기,요기,3
대중적으로 유행하는 정보를 따라 상품을 구매하는 현상은?,백로효과,밴드왜건 효과,파노플리 효과,2
6.25 전쟁 당시 우리나라를 지원해 준 국가가 아닌 나라는?,이집트,쿠바,폴란드,3
42.195km를 달리는 장거리 도로 경주의 올바른 명칭은?,마라도,마실,마라톤,3
공기를 채운 큰 공으로 스트레칭에 사용되는 운동기구는?,짐볼,헬륨풍선,베이스볼,1
감량했던 체중이 원래의 체중 이상으로 돌아가는 현상은?,작심삼일,컴백,요요,3
다음 중 무산소 운동이 아닌 것은?,헥헥 '단거리 달리기',물개 빙의 '수영',으라차차 '역도',2
다음 중 '손'만 사용 가능한 투기 종목은?,복싱,가라테,태권도,1
<요가>의 정의로 올바른 것은?,운동,종교,심신 수련,3
다음 중 시력 유지와 신체 저항력 강화에 좋은 비타민은?,비타민A,비타민D,비타민K,1
복을 싸 먹는다'는 뜻으로 스트레스 해소에 좋은 채소는?,당귀,상추,케일,2
다음 중 '미세먼지'로 인한 부작용 증상이 아닌 것은?,탈모,심뇌혈관 질환,턱관절 질환,3
이건희 회장의 다이어트로 유명해진 <황제 다이어트>의 원래 명칭은?,앳킨스 다이어트,오니시 다이어트,덴마크 다이어트,1
자축인묘진사오미신유술해! 12지신에 속하지 않는 동물은?,소,쥐,섭,3
바지 지퍼가 열렸을 때 '( ) 이/가 열렸다'고 한다. 빈칸에 알맞은 말은?,뚜껑,남대문,열매,2
미국의 이웃국가 캐나다의 별명으로 알맞은 것은?,천조국,감귤국,단풍국,3
요즘 유행하는 동영상 위주의 콘텐츠를 제공하는 블로그를 부르는 말은?,브이로그,갤로그,셀피로그,1
신석기시대와 청동기시대의 사람들이 살았던 반지하 가옥은?,움집,초가집,너와집,1
2002년 한일월드컵 당시 우리나라 카드섹션 문구로 올바른 것은?,꿈은 이루어★진다,꿈은★이루어진다,꿈★은 이루어진다,3
하이브리드카의 순화어로 알맞은 것은?,환경개선혼합차,복합동력차,잡종혼성차,2
윷놀이에서 '도가 나오면 한 ( )을 간다.' 빈칸에 알맞은 윷놀이 용어는?,발,칸,땅,1
"상반신은 사자, 하반신은 물고기의 모습을 한 싱가포르의 대표 상징물은?",머라이언,머라카노,머라이어캐리,1
에스키모인들이 사는 얼음집의 명칭으로 올바른 것은?,아이스 하우스,이글루,이글아이,2
"스위스, 프랑스, 오스트리아에 걸쳐 있는 산맥은?",로키 산맥,알프스 산맥,스칸디나비아 산맥,2
현재 미국의 땅이 된 알래스카는 원래 어느나라의 영토였을까?,캐나다,러시아,스웨덴,2
도버해협을 사이에 두고 영국과 이웃하는 나라는?,아일랜드,벨기에,프랑스,3
다음 중 세계 최대의 커피생산국은?,브라질,콜롬비아,에티오피아,1
인구가 가장 많은 대륙은 '아시아'이다. 그렇다면 그 다음으로 많은 대륙은?,유럽,남아메리카,아프리카,3
환경정화를 위해 일시폐쇄된 지역이 있는 섬이 아닌 것은?,필리핀 보라카이섬,태국 피피섬,베트남 깟바섬,3
다음 중 면적이 가장 작은 나라는?,바티칸 시국,모나코,리히텐슈타인,1
베르사유 궁전 건축 당시에 없었던 시설은?,목욕탕,화장실,연회장,2
다음 중 노를 사용하지 않는 수상 스포츠는?,조정,윈드서핑,카누,2
걸음 수를 측정해서 알려주는 기계인 '만보기'의 또 다른 이름은?,경보기,재보기,계보기,3
"따로 시간을 내지 않고, 생활 속에서 다이어트를 하는 것을 부르는 말은?",니트 다이어트,프리 다이어트,ing 다이어트,1
다음 중 100g 당 칼로리가 가장 높은 음식은?,닭가슴살,식빵,말린 바나나,3
고전 소설 <심청전>에서 심청이 아버지의 본명은?,심봉사,심학규,심형탁,2
볼링에서 두 번째 공으로 모든 핀을 넘어뜨리는 것을 의미하는 용어는?,터키,스페어,스트라이크,2
충격적인 사건으로 인한 '정신적 외상 후 스트레스 장애'를 뜻하는 병명은?,공황장애,베르테르 효과,트라우마,3
동물 '말'의 수면 자세로 맞지 않는 것은?,앉아서 잔다,누워서 잔다,서서 잔다,1
현재 올림픽 메달인 '금메달'의 성분은?,도금,순은,순금,1
다음 중 올바르지 않은 표현은?,염치 불고하고,체면치레하여,염치 불구하고,3
"상품에 대한 소비가 증가하면, 오히려 그 상품의 수요가 줄어드는 효과는?",스티그마 효과,스놉 효과,베블런 효과,2
퇴근 후 취미나 자기개발을 위해 문화센터에 다니는 직장인을 이르는 말은?,문센족,스라벨,횰로족,1
"광고의 호감도를 높이기 위한 '3B법칙', 3B에 포함되지 않는 것은?",아기(Baby),미인(Beauty),싸움(Battle),3
폭염주의보'는 일 최고기온이 몇 도 이상일 때 발표될까?,33도,35도,37도,1
야구에서 홈플레이트는 오각형이다. 그렇다면 2루 베이스는?,정삼각형,정사각형,정오각형,2
어떤 것으로 번창한 지역을 뜻하는 대명사 '메카'는 어디에 있을까?,사우디아라비아,이스라엘,이란,1
애니메이션 <라이온 킹>의 명대사 '하쿠나마타타'는 무슨 뜻일까?,용기를 가져,잘될 거야,할 수 있어,2
야구 경기 도중 양 팀 선수들이 단체로 싸움에 등참하는 행동의 용어는?,벤치클리어링,더그아웃,그라운드 파이트,1
방탄소년단은 한국 최초로 '빌보드 200 OO차트' 1위에 올랐다! OO은?,싱글,앨범,그룹,2
금융결제원이 운영하는 인터넷 청약 사이트로 올바른 명칭은?,아파트셀링,아파트세일,아파트투유,3
"영국 출신으로 'Let it be', 'Yesterday' 등 무수한 명곡을 남긴 그룹은?",비틀즈,새콤달콤,마이쮸,1
베트남의 수도는?,호치민,다낭,하노이,3
"우리나라 최초로 ""빌보드 핫 100"" 차트에 진입한 가수는?",싸이,원더걸스,방탄소년단,2
미국 '알래스카'의 지명은 인디언 말에서 유래가 되었다. 무슨 뜻일까?,거대한 땅,얼음의 땅,초원의 땅,1
바다의 왕자 장보고가 설치한 '청해진'은 지금은 어느 지역일까?,진도,통영,완도,3
자신이 관련되거나 관심 있는 이야기는 더 잘듣게 되는 현상은?,바넘 효과,칵테일 파티 효과,로젠탈 효과,2
영화에서 엔딩 크레딧 전후에 짧게 추가된 장면을 뜻하는 말은?,쿠키영상,도넛영상,초코영상,1
다음 중 영화 제작사 <마블>의 영화가 아닌 것은?,블랙 펜서,다크나이트 라이즈,닥터 스트레인지,2
다음 중 공포 영화의 장르로 분류되지 않는 것은?,오컬트 영화,슬래셔 영화,누아르 영화,3
가장 오랜 역사를 가진 국제 영화제는?,베니스 국제 영화제,베를린 국제 영화제,칸 국제 영화제,1
원숭이 엉덩이는 빨개~빨가면 사과! 사과는 맛있어! 맛있으면 OOO! 알맞은 가사는?,살 안 쪄,바나나,0 칼로리,2
하늘에서 떨어지는 얼음덩어리를 부르는 말은?,엇박,수박,우박,3
다음 중 각국의 통화가치가 적정 수준인지 살펴보는데 활용되는 햄버거는?,빅맥,싸이버거,와퍼,1
" '가위눌림'과 같은 말로, 뇌는 깨어 있지만 몸은 자고 있는 상태는?",몽유병,자각몽,수면마비,3
다음 중 우리나라 항공사가 아닌 것은?,이스타항공,티웨이항공,에어아시아,3
"녹두를 재료로 하는 음식으로, 여름철에 먹으면 더 좋은 이것은?",곤약,청포묵,우무,2
차나 향료로 쓰이는 식물 'Jasmine'의 올바른 한글 표기법은?,재스민,쟈스민,자스민,1
일반적으로 처음 만난 사람에게 자신의 신상을 알리기 위해 건네는 것은?,손수건,명함,가족관계증명서,2
비행기 탑승 시 허용되는 행동이 아닌것은?,기내 흡연,기내 수면,기내 방귀,1
 '아무 근거 없이 널리 퍼진 소문'을 뜻하는 말이 아닌 것은?,헛소문,뜬소문,연개소문,3
 '틀에 박힌 방식과 일정으로 신선함을 잃는 것'을 뜻하는 말은?,매너리즘,다다이즘,귀차니즘,1
신발이나 의류에 많이 쓰이는 '벨크로'의 다른 이름은?,뽁뽁이,돌돌이,찍찍이,3
 '버그'라는 말은 컴퓨터의 회로에 끼어있던 이것 때문에 생겼다 무엇일까?,바퀴벌레,나방,벌,2
시금치를 먹으면 강해지는 뽀빠이! 여자친구의 이름은?,올리브 오일,올리브 올슨,올리브 바셋,1
사회자를 뜻하는 MC에서 'M'이 뜻하는 것은?,Microphone,Making,Master,3
우리가 흔히 즐겨먹는 홍합! 암컷과 수컷은 어떻게 구별할까?,서식지의 차이,살의 색깔,껍데기의 모양,2
다음 중 같은 조건에서 가장 빨리 어는 것은?,찬물,미지근한 물,뜨거운 물,3
다음 중 아이돌 그룹 멤버의 수가 잘못 짝지어진 것은?,여자친구-6명,방탄소년단-7명,아이콘-8명,3
배우 손예진의 데뷔 작품으로 맞는 것은?,맛있는 청혼,클래식,내 머리속의 지우개,1
"우리나라 연예인 이름으로, 설립된 중국의 학교 명칭으로 올바른 것은?",이영애 초등학교,추자연 중학교,안재욱 고등학교,1
다음 중 솜사탕의 재료는?,솜,설탕,실,2
지나치게 잠을 많이자고 낮에도 심하게 졸림을 느끼는 증상은?,게으름뱅이,지방간,과면증,3
"혼인관계는 유지하지만, 서로 간섭하지 않고 독립적으로 살아가는 개념은?",쇼윈도 부부,졸혼,만혼,2
인질이 인질범에게 동화 혹은 동조하는 비합리적인 현상은?,피그말리온 효과,리플리 증후군,스톡홀름 증후군,3
남극에는 세종과학기지! 북극의 국내 최초 과학기지는?,다산과학기지,도산과학기지,태극과학기지,1
 '너무 웃어서 얼굴이 OOO' 빈칸에 들어갈 알맞은 말은?,당긴다,땅긴다,땡긴다,2
한국 만화 최초로 주민등록번호를 받은 캐릭터는?,둘리,하니,태권V,1
